tipo_id,fecha,compra,venta
1,2026-09-17,1385.0,1435.0
2,2026-09-17,1400.0,1420.0
3,2026-09-17,1438.0,1446.0
1,2026-09-18,1386.5,1436.5
2,2026-09-18,1401.5,1421.5
3,2026-09-18,1439.5,1447.5
1,2026-09-21,1391.0,1441.0
2,2026-09-21,1406.0,1426.0
3,2026-09-21,1444.0,1452.0
1,2026-09-22,1392.5,1442.5
2,2026-09-22,1407.5,1427.5
3,2026-09-22,1445.5,1453.5
1,2026-09-23,1394.0,1444.0
2,2026-09-23,1409.0,1429.0
3,2026-09-23,1447.0,1455.0
1,2026-09-24,1395.5,1445.5
2,2026-09-24,1410.5,1430.5
3,2026-09-24,1448.5,1456.5
1,2026-09-25,1397.0,1447.0
2,2026-09-25,1412.0,1432.0
3,2026-09-25,1450.0,1458.0
1,2026-09-28,1401.5,1451.5
2,2026-09-28,1416.5,1436.5
3,2026-09-28,1454.5,1462.5
1,2026-09-29,1403.0,1453.0
2,2026-09-29,1418.0,1438.0
3,2026-09-29,1456.0,1464.0
1,2026-09-30,1404.5,1454.5
2,2026-09-30,1419.5,1439.5
3,2026-09-30,1457.5,1465.5
