id,isbn,titulo,autor,editorial_id,genero_id,fecha_impresion,numero_impresion
1,9788497592208,Cien años de soledad,Gabriel García Márquez,7,1,2015-03-10,12
2,9789500426145,Rayuela,Julio Cortázar,7,1,2019-06-01,5
3,9789875666467,Ficciones,Jorge Luis Borges,7,6,2011-08-15,8
4,9789500725293,El túnel,Ernesto Sabato,1,1,2016-04-20,20
5,9789876285063,Sapiens. De animales a dioses,Yuval Noah Harari,7,7,2017-09-05,15
6,9788498382662,Harry Potter y la piedra filosofal,J. K. Rowling,6,3,2020-01-12,40
7,9789500751735,El principito,Antoine de Saint-Exupéry,9,3,2018-05-22,30
8,9789876099172,Nuestra parte de noche,Mariana Enriquez,5,1,2019-11-01,4
9,9789500436564,Fundación,Isaac Asimov,10,8,2021-02-14,3
10,9789873650567,Python para todos,Raúl González Duque,4,4,2022-07-30,2
11,9789500438551,Los versos del capitán,Pablo Neruda,7,5,2014-10-10,6
12,9789500437974,El Aleph,Jorge Luis Borges,7,6,2012-12-03,9
